{
  "exp1": {
    "eng": {
      "RMSE": 1.007525955647535,
      "corrV": 0.8206495448172115,
      "corrA": 0.5417189008185148
    },
    "jpn": {
      "RMSE": 1.0981808127600294,
      "corrV": 0.39355736983947703,
      "corrA": 0.2873065848229268
    },
    "rus": {
      "RMSE": 1.6519966398493762,
      "corrV": 0.48451111706051286,
      "corrA": 0.22685012471494861
    },
    "tat": {
      "RMSE": 1.6426207669354391,
      "corrV": 0.39315128734086013,
      "corrA": 0.22267956723483145
    },
    "ukr": {
      "RMSE": 1.6506897452718439,
      "corrV": 0.46420169480660856,
      "corrA": 0.24023409650380337
    },
    "zho": {
      "RMSE": 0.9202897013777267,
      "corrV": 0.25917104360823023,
      "corrA": 0.20865253095848574
    }
  },
  "exp2": {
    "eng": {
      "RMSE": 1.1427935428140914,
      "corrV": 0.7443829890797461,
      "corrA": 0.4897241371128046
    },
    "jpn": {
      "RMSE": 0.9380744711436895,
      "corrV": 0.6827082751321587,
      "corrA": 0.37020374510153925
    },
    "rus": {
      "RMSE": 1.3904815894974345,
      "corrV": 0.6743627590533484,
      "corrA": 0.39862250209832745
    },
    "tat": {
      "RMSE": 1.433739621623486,
      "corrV": 0.6292642109241264,
      "corrA": 0.3959220569744133
    },
    "ukr": {
      "RMSE": 1.4235651873269042,
      "corrV": 0.654950815104487,
      "corrA": 0.3683026950859438
    },
    "zho": {
      "RMSE": 0.6889408986442719,
      "corrV": 0.7415543421335324,
      "corrA": 0.4800545841892483
    }
  },
  "exp3": {
    "eng": {
      "RMSE": 1.089394,
      "corrV": 0.775679,
      "corrA": 0.526784
    },
    "jpn": {
      "RMSE": 0.875785,
      "corrV": 0.736339,
      "corrA": 0.498994
    },
    "rus": {
      "RMSE": 1.360531,
      "corrV": 0.726965,
      "corrA": 0.446148
    },
    "tat": {
      "RMSE": 1.434382,
      "corrV": 0.665165,
      "corrA": 0.410969
    },
    "ukr": {
      "RMSE": 1.414756,
      "corrV": 0.682115,
      "corrA": 0.448483
    },
    "zho": {
      "RMSE": 0.655908,
      "corrV": 0.764830,
      "corrA": 0.552146
    }
  }
}
